id;title;date;time_zone;url
1;protocol Customer syndicate;2020-04-07T10:13:44;Pacific;https://christ.info
2;bifurcated open-source;2020-04-07T11:29:09;Mountain;https://constance.com
3;back up concept Hat;2020-04-07T05:35:40;Alaska;https://coy.org
4;bluetooth Triple-buffered;2020-04-07T13:00:38;Mountain;http://hadley.info
5;panel Cheese Strategist;2020-04-07T05:25:07;Eastern;https://hallie.net
6;generate Handcrafted Granite Shirt matrix;2020-04-07T11:47:42;Pacific;http://lavonne.name
7;Industrial;2020-04-07T22:02:50;Central;http://rylee.biz
8;Ethiopia Universal;2020-04-07T22:10:33;Central;http://kacey.info
9;Unbranded;2020-04-07T04:38:41;Eastern;https://aron.biz
10;Taiwan;2020-04-07T15:13:21;Mountain;https://kelsi.com
